<vaultpackage xmlns="https://veevavault.com/">
<name>PKG-vsdk-spark-doc-copy-target-obj-components</name>
<source>
	<vault>1</vault>
	<author>Vault Developer Support</author>
</source>
<packagetype>migration__v</packagetype>
<summary>vSDK Spark Doc Copy Sample Object Components</summary>
<description>This VPK contains the required object components and code for running the "vsdk-spark-doc-copy-sample" project in the target vault.</description>
<javasdk>
	<deployment_option>incremental</deployment_option>
</javasdk>
</vaultpackage>